Instrument,Category,Ticker,Type,Volume,Open Price,Open Date,Close Price,Close Date,Profit/Loss,Purchase Value,Sale Value,Stop Loss,Take Profit,Commission,Margin,Swap,id_account,Time,Amount,ID
Marvell,STOCK,MRVL.US,BUY,1.0,280.0,2026-06-02,317.58,2026-06-03,37.58,280.0,317.58,,,0.0,,,52793784,,,2609173715.0
Marvell,STOCK,MRVL.US,BUY,1.0,279.0,2026-06-02,317.58,2026-06-03,38.58,279.0,317.58,,,0.0,,,52793784,,,2609010079.0
Hewlett Packard,STOCK,HPE.US,BUY,10.0,58.8,2026-06-02,56.35,2026-06-02,-24.5,588.0,563.5,,,0.0,,,52793784,,,2608928733.0
Everspin Technologies,STOCK,MRAM.US,BUY,10.0,31.8,2026-06-02,32.06,2026-06-02,2.6,318.0,320.6,,,0.0,,,52793784,,,2608451790.0
Meta,STOCK,META.US,BUY,1.0,620.0,2026-06-01,598.48,2026-06-02,-21.52,620.0,598.48,,,0.0,,,52793784,,,2605488257.0
Nvidia,STOCK,NVDA.US,BUY,1.0,223.5,2026-06-01,225.82,2026-06-02,2.32,223.5,225.82,,,0.0,,,52793784,,,2606629873.0
Palantir,STOCK,PLTR.US,BUY,1.0,134.0,2026-05-26,160.51,2026-06-01,26.51,134.0,160.51,,,0.0,,,52793784,,,2593965463.0
ServiceNow,STOCK,NOW.US,BUY,1.0,135.5,2026-06-01,135.79,2026-06-01,0.29,135.5,135.79,,,0.0,,,52793784,,,2606670147.0
Dell,STOCK,DELL.US,BUY,1.0,418.0,2026-05-29,445.01,2026-06-01,27.01,418.0,445.01,,,0.0,,,52793784,,,2601844626.0
Dell,STOCK,DELL.US,BUY,1.0,418.0,2026-05-29,445.01,2026-06-01,27.01,418.0,445.01,,,0.0,,,52793784,,,2601831846.0
Dell,STOCK,DELL.US,BUY,1.0,418.0,2026-05-29,445.01,2026-06-01,27.01,418.0,445.01,,,0.0,,,52793784,,,2601800275.0
Meta,STOCK,META.US,BUY,1.0,621.35,2026-05-07,631.97,2026-05-28,10.62,621.35,631.97,,,0.0,,,52793784,,,2557405252.0
Micron,STOCK,MU.US,BUY,1.0,949.0,2026-05-27,949.0,2026-05-28,0.0,949.0,949.0,,,0.0,,,52793784,,,2596578358.0
Vistra Energy,STOCK,VST.US,BUY,1.0,139.9,2026-05-20,164.62,2026-05-26,24.72,139.9,164.62,,,0.0,,,52793784,,,2583669725.0
Vistra Energy,STOCK,VST.US,BUY,1.0,140.0,2026-05-13,164.62,2026-05-26,24.62,140.0,164.62,,,0.0,,,52793784,,,2569523548.0
Vistra Energy,STOCK,VST.US,BUY,3.0,149.0,2026-05-11,164.62,2026-05-26,46.86,447.0,493.86,,,0.0,,,52793784,,,2564052744.0
SoFi,STOCK,SOFI.US,BUY,10.0,15.63,2026-05-20,15.63,2026-05-22,0.0,156.3,156.3,,,0.0,,,52793784,,,2584799351.0
Nu Holdings,STOCK,NU.US,BUY,10.0,12.2,2026-05-15,12.81,2026-05-22,6.1,122.0,128.1,,,0.0,,,52793784,,,2575781554.0
Power Solutions International,STOCK,PSIX.US,BUY,10.0,36.66,2026-05-20,38.52,2026-05-22,18.6,366.6,385.2,,,0.0,,,52793784,,,2584750218.0
Palantir,STOCK,PLTR.US,BUY,1.0,130.8,2026-05-13,133.2,2026-05-20,2.4,130.8,133.2,,,0.0,,,52793784,,,2569857777.0
Palantir,STOCK,PLTR.US,BUY,1.0,135.4,2026-05-11,133.2,2026-05-20,-2.2,135.4,133.2,,,0.0,,,52793784,,,2564537624.0
Microsoft,STOCK,MSFT.US,BUY,1.0,410.0,2026-05-11,414.62,2026-05-20,4.62,410.0,414.62,,,0.0,,,52793784,,,2564058009.0
ServiceNow,STOCK,NOW.US,BUY,1.0,90.8,2026-05-14,99.29,2026-05-20,8.49,90.8,99.29,,,0.0,,,52793784,,,2572547268.0
Barrick Mining,STOCK,B.US,BUY,3.0,38.3,2026-04-29,40.97,2026-05-15,8.01,114.9,122.91,,,0.0,,,52793784,,,2541420342.0
Gambling.com,STOCK,GAMB.US,BUY,20.0,4.45,2026-05-07,4.18,2026-05-13,-5.4,89.0,83.6,,,0.0,,,52793784,,,2557867847.0
ONEOK,STOCK,OKE.US,BUY,1.0,84.5,2026-05-07,85.35,2026-05-11,0.85,84.5,85.35,,,0.0,,,52793784,,,2557621975.0
Robinhood,STOCK,HOOD.US,BUY,1.0,70.0,2026-04-29,76.01,2026-05-07,6.01,70.0,76.01,,,0.0,,,52793784,,,2541848906.0
Robinhood,STOCK,HOOD.US,BUY,1.0,72.0,2026-04-29,76.01,2026-05-07,4.01,72.0,76.01,,,0.0,,,52793784,,,2541010546.0
Bancolombia,STOCK,CIB.US,BUY,1.0,65.0,2026-05-04,65.76,2026-05-07,0.76,65.0,65.76,,,0.0,,,52793784,,,2550039808.0
Bancolombia,STOCK,CIB.US,BUY,5.0,67.5,2026-04-30,65.76,2026-05-07,-8.7,337.5,328.8,,,0.0,,,52793784,,,2544092225.0
Rackspace Technology,STOCK,RXT.US,BUY,20.0,2.2,2026-05-05,2.25,2026-05-06,1.0,44.0,45.0,,,0.0,,,52793784,,,2552270870.0
Energy Select Sector,ETF,XLE.US,BUY,1.0,54.41,2026-04-17,57.19,2026-05-06,2.78,54.41,57.19,,,0.0,,,52793784,,,2519357184.0
AST SpaceMobile,STOCK,ASTS.US,BUY,1.0,75.0,2026-04-27,65.56,2026-05-05,-9.44,75.0,65.56,,,0.0,,,52793784,,,2536239825.0
Clorox,STOCK,CLX.US,BUY,2.0,99.5,2026-04-24,86.28,2026-05-01,-26.44,199.0,172.56,,,0.0,,,52793784,,,2533600964.0
Barrick Mining,STOCK,B.US,BUY,1.0,37.8,2026-03-19,42.85,2026-04-20,5.05,37.8,42.85,,,0.0,,,52793784,,,2454300388.0
Stratasys,STOCK,SSYS.US,BUY,5.0,8.7,2026-03-06,8.81,2026-04-20,0.55,43.5,44.05,,,0.0,,,52793784,,,2423053347.0
Active Gold & Silver Miners,ETF,GBUG.US,BUY,1.0,40.5,2026-03-19,49.72,2026-04-20,9.22,40.5,49.72,,,0.0,,,52793784,,,2454495267.0
Silver Trust,ETF,SLV.US,BUY,1.0,61.92,2026-03-19,72.17,2026-04-20,10.25,61.92,72.17,,,0.0,,,52793784,,,2453817912.0
Silver Trust,ETF,SLV.US,BUY,1.0,75.0,2026-03-03,72.17,2026-04-20,-2.83,75.0,72.17,,,0.0,,,52793784,,,2412499036.0
Palantir,STOCK,PLTR.US,BUY,1.0,127.0,2026-04-10,144.66,2026-04-20,17.66,127.0,144.66,,,0.0,,,52793784,,,2505600765.0
Oracle,STOCK,ORCL.US,BUY,1.0,164.0,2026-03-11,174.66,2026-04-20,10.66,164.0,174.66,,,0.0,,,52793784,,,2435314930.0
Oracle,STOCK,ORCL.US,BUY,1.0,165.08,2026-03-11,174.66,2026-04-20,9.58,165.08,174.66,,,0.0,,,52793784,,,2435253000.0
Microsoft,STOCK,MSFT.US,BUY,1.0,400.0,2026-03-17,417.02,2026-04-20,17.02,400.0,417.02,,,0.0,,,52793784,,,2447708255.0
Powell Industries,STOCK,POWL.US,BUY,1.0,230.0,2026-04-10,232.0,2026-04-14,2.0,230.0,232.0,,,0.0,,,52793784,,,2505816788.0
Estee Lauder,STOCK,EL.US,BUY,1.0,94.8,2026-03-10,72.55,2026-04-10,-22.25,94.8,72.55,,,0.0,,,52793784,,,2431339226.0
Critical Metals,STOCK,CRML.US,BUY,10.0,8.9,2026-03-06,9.78,2026-04-10,8.8,89.0,97.8,,,0.0,,,52793784,,,2423059984.0
Critical Metals,STOCK,CRML.US,BUY,5.0,10.0,2026-02-27,9.75,2026-04-10,-1.25,50.0,48.75,,,0.0,,,52793784,,,2401865052.0
Critical Metals,STOCK,CRML.US,BUY,5.0,10.35,2026-02-26,9.75,2026-04-10,-3.0,51.75,48.75,,,0.0,,,52793784,,,2399442838.0
Meta,STOCK,META.US,BUY,1.0,630.0,2026-03-16,630.99,2026-04-10,0.99,630.0,630.99,,,0.0,,,52793784,,,2445001155.0
Energy Select Sector,ETF,XLE.US,BUY,1.0,53.5,2026-02-10,59.08,2026-04-01,5.58,53.5,59.08,,,0.0,,,52793784,,,2366259481.0
IONQ,STOCK,IONQ.US,BUY,1.0,30.5,2026-03-20,31.97,2026-03-25,1.47,30.5,31.97,,,0.0,,,52793784,,,2458682274.0
Hims & Hers Health,STOCK,HIMS.US,BUY,1.0,25.0,2026-03-12,23.2,2026-03-19,-1.8,25.0,23.2,,,0.0,,,52793784,,,2438223229.0
Hims & Hers Health,STOCK,HIMS.US,BUY,2.0,16.0,2026-03-03,23.2,2026-03-19,14.4,32.0,46.4,,,0.0,,,52793784,,,2412537433.0
Trump Media & Technology,STOCK,DJT.US,BUY,10.0,10.0,2026-03-12,10.0,2026-03-16,0.0,100.0,100.0,,,0.0,,,52793784,,,2439293959.0
Marathon,STOCK,MARA.US,BUY,5.0,8.0,2026-03-06,9.75,2026-03-13,8.75,40.0,48.75,,,0.0,,,52793784,,,2423028039.0
20 Year Treasury Bond,ETF,TLT.US,BUY,1.0,89.9,2026-02-23,87.4,2026-03-11,-2.5,89.9,87.4,,,0.0,,,52793784,,,2391550455.0
20 Year Treasury Bond,ETF,TLT.US,BUY,1.0,89.0,2026-02-20,87.4,2026-03-11,-1.6,89.0,87.4,,,0.0,,,52793784,,,2387532814.0
Oddity Tech Ltd,STOCK,ODD.US,BUY,1.0,14.0,2026-03-06,12.79,2026-03-11,-1.21,14.0,12.79,,,0.0,,,52793784,,,2422787387.0
Enovix,STOCK,ENVX.US,BUY,20.0,4.9,2026-03-10,4.98,2026-03-11,1.6,98.0,99.6,,,0.0,,,52793784,,,2431735564.0
Intel,STOCK,INTC.US,BUY,1.0,43.0,2026-03-09,48.36,2026-03-11,5.36,43.0,48.36,,,0.0,,,52793784,,,2427099497.0
Marvell,STOCK,MRVL.US,BUY,1.0,86.0,2026-03-09,92.9,2026-03-11,6.9,86.0,92.9,,,0.0,,,52793784,,,2427164550.0
Microsoft,STOCK,MSFT.US,BUY,1.0,394.41,2026-02-27,403.4,2026-03-11,8.99,394.41,403.4,,,0.0,,,52793784,,,2401511131.0
Duolingo,STOCK,DUOL.US,BUY,1.0,96.5,2026-03-10,97.0,2026-03-11,0.5,96.5,97.0,,,0.0,,,52793784,,,2431247125.0
MercadoLibre,STOCK,MELI.US,BUY,1.0,1789.72,2026-03-05,1764.49,2026-03-06,-25.23,1789.72,1764.49,,,0.0,,,52793784,,,2418617855.0
Duolingo,STOCK,DUOL.US,BUY,1.0,100.0,2026-03-04,100.51,2026-03-05,0.51,100.0,100.51,,,0.0,,,52793784,,,2415064656.0
Alibaba,STOCK,BABA.US,BUY,1.0,134.0,2026-03-04,129.82,2026-03-05,-4.18,134.0,129.82,,,0.0,,,52793784,,,2414752997.0
Alibaba,STOCK,BABA.US,BUY,2.0,140.0,2026-03-02,129.82,2026-03-05,-20.36,280.0,259.64,,,0.0,,,52793784,,,2406645362.0
Robinhood,STOCK,HOOD.US,BUY,1.0,76.9,2026-03-03,78.97,2026-03-05,2.07,76.9,78.97,,,0.0,,,52793784,,,2412454266.0
JPMorgan Chase,STOCK,JPM.US,BUY,1.0,297.33,2026-03-02,297.85,2026-03-04,0.52,297.33,297.85,,,0.0,,,52793784,,,2406761358.0
Hims & Hers Health,STOCK,HIMS.US,BUY,1.0,15.3,2026-02-26,15.77,2026-03-03,0.47,15.3,15.77,,,0.0,,,52793784,,,2399294798.0
Hims & Hers Health,STOCK,HIMS.US,BUY,1.0,15.8,2026-02-25,15.77,2026-03-03,-0.03,15.8,15.77,,,0.0,,,52793784,,,2396607423.0
Silver Trust,ETF,SLV.US,BUY,1.0,77.0,2026-02-03,78.71,2026-03-02,1.71,77.0,78.71,,,0.0,,,52793784,,,2350227425.0
Millicom International Cellular,STOCK,TIGO.US,BUY,1.0,72.66,2026-02-27,72.92,2026-02-27,0.26,72.66,72.92,,,0.0,,,52793784,,,2402258435.0
Critical Metals,STOCK,CRML.US,BUY,10.0,10.67,2026-02-26,10.71,2026-02-26,0.4,106.7,107.1,,,0.0,,,52793784,,,2398798646.0
Microsoft,STOCK,MSFT.US,BUY,1.0,391.48,2026-02-23,401.7,2026-02-26,10.22,391.48,401.7,,,0.0,,,52793784,,,2390914193.0
UnitedHealth,STOCK,UNH.US,BUY,1.0,288.5,2026-02-23,292.0,2026-02-26,3.5,288.5,292.0,,,0.0,,,52793784,,,2391210134.0
Robinhood,STOCK,HOOD.US,BUY,1.0,74.75,2026-02-12,77.7,2026-02-26,2.95,74.75,77.7,,,0.0,,,52793784,,,2371663843.0
Duolingo,STOCK,DUOL.US,BUY,1.0,110.0,2026-02-20,112.68,2026-02-26,2.68,110.0,112.68,,,0.0,,,52793784,,,2387271266.0
Marathon,STOCK,MARA.US,BUY,10.0,8.4,2026-02-26,8.48,2026-02-26,0.8,84.0,84.8,,,0.0,,,52793784,,,2398547252.0
Hims & Hers Health,STOCK,HIMS.US,BUY,1.0,16.0,2026-02-25,16.01,2026-02-25,0.01,16.0,16.01,,,0.0,,,52793784,,,2396534761.0
PayPal,STOCK,PYPL.US,BUY,10.0,44.5,2026-02-23,46.59,2026-02-25,20.9,445.0,465.9,,,0.0,,,52793784,,,2391801197.0
PayPal,STOCK,PYPL.US,BUY,1.0,41.0,2026-02-23,46.59,2026-02-25,5.59,41.0,46.59,,,0.0,,,52793784,,,2390866656.0
Critical Metals,STOCK,CRML.US,BUY,10.0,9.85,2026-02-23,10.79,2026-02-25,9.4,98.5,107.9,,,0.0,,,52793784,,,2391699576.0
Critical Metals,STOCK,CRML.US,BUY,1.0,9.5,2026-02-23,10.79,2026-02-25,1.29,9.5,10.79,,,0.0,,,52793784,,,2391425063.0
Critical Metals,STOCK,CRML.US,BUY,1.0,9.0,2026-02-17,10.79,2026-02-25,1.79,9.0,10.79,,,0.0,,,52793784,,,2379974288.0
AMD,STOCK,AMD.US,BUY,1.0,211.0,2026-02-24,211.04,2026-02-25,0.04,211.0,211.04,,,0.0,,,52793784,,,2394273547.0
Trump Media & Technology,STOCK,DJT.US,BUY,10.0,10.25,2026-02-24,10.29,2026-02-24,0.4,102.5,102.9,,,0.0,,,52793784,,,2394387625.0
Rocket Lab,STOCK,RKLB.US,BUY,10.0,69.0,2026-02-24,69.29,2026-02-24,2.9,690.0,692.9,,,0.0,,,52793784,,,2393930297.0
Tempus AI,STOCK,TEM.US,BUY,1.0,59.0,2026-02-19,56.45,2026-02-23,-2.55,59.0,56.45,,,0.0,,,52793784,,,2385515962.0
Tempus AI,STOCK,TEM.US,BUY,1.0,59.0,2026-02-19,56.45,2026-02-23,-2.55,59.0,56.45,,,0.0,,,52793784,,,2385515958.0
BigBear.ai,STOCK,BBAI.US,BUY,10.0,4.0,2026-02-18,3.78,2026-02-23,-2.2,40.0,37.8,,,0.0,,,52793784,,,2383433952.0
Opendoor,STOCK,OPEN.US,BUY,10.0,4.9,2026-02-23,4.82,2026-02-23,-0.8,49.0,48.2,,,0.0,,,52793784,,,2391254198.0
Iveda Solutions,STOCK,IVDA.US,BUY,100.0,0.3833,2026-02-13,0.3053,2026-02-23,-7.8,38.33,30.53,,,0.0,,,52793784,,,2375137475.0
Super Micro Computer,STOCK,SMCI.US,BUY,1.0,30.0,2026-02-18,31.83,2026-02-23,1.83,30.0,31.83,,,0.0,,,52793784,,,2382430733.0
Reddit Inc,STOCK,RDDT.US,BUY,1.0,138.0,2026-02-13,146.02,2026-02-23,8.02,138.0,146.02,,,0.0,,,52793784,,,2375082105.0
Meta,STOCK,META.US,BUY,1.0,650.0,2026-02-20,656.18,2026-02-20,6.18,650.0,656.18,,,0.0,,,52793784,,,2387359611.0
Brand Engagement Network,STOCK,BNAI.US,BUY,1.0,19.2,2026-02-17,19.2,2026-02-19,0.0,19.2,19.2,,,0.0,,,52793784,,,2380341757.0
Lloyds Banking,STOCK,LYG.US,BUY,10.0,5.59,2026-02-13,5.59,2026-02-19,0.0,55.9,55.9,,,0.0,,,52793784,,,2374830093.0
Coinbase,STOCK,COIN.US,BUY,1.0,162.05,2026-02-13,164.75,2026-02-19,2.7,162.05,164.75,,,0.0,,,52793784,,,2375049037.0
Applovin,STOCK,APP.US,BUY,1.0,399.0,2026-02-18,401.05,2026-02-18,2.05,399.0,401.05,,,0.0,,,52793784,,,2382750267.0
UnitedHealth,STOCK,UNH.US,BUY,1.0,273.39,2026-02-09,287.2,2026-02-18,13.81,273.39,287.2,,,0.0,,,52793784,,,2363588948.0
AMD,STOCK,AMD.US,BUY,1.0,197.0,2026-02-17,196.32,2026-02-18,-0.68,197.0,196.32,,,0.0,,,52793784,,,2380187615.0
Summit Therapeutics,STOCK,SMMT.US,BUY,10.0,15.4,2026-02-17,15.45,2026-02-17,0.5,154.0,154.5,,,0.0,,,52793784,,,2380473900.0
Brand Engagement Network,STOCK,BNAI.US,BUY,1.0,19.2799,2026-02-12,19.0701,2026-02-17,-0.21,19.28,19.07,,,0.0,,,52793784,,,2372357903.0
ICE,STOCK,ICE.US,BUY,1.0,148.12,2026-02-12,149.71,2026-02-12,1.59,148.12,149.71,,,0.0,,,52793784,,,2372396054.0
Novo Nordisk,STOCK,NVO.US,BUY,10.0,46.0,2026-02-06,49.0,2026-02-12,30.0,460.0,490.0,,,0.0,,,52793784,,,2359904053.0
Affirm,STOCK,AFRM.US,BUY,1.0,58.73,2026-02-10,55.44,2026-02-11,-3.29,58.73,55.44,,,0.0,,,52793784,,,2366250960.0
Meta,STOCK,META.US,BUY,1.0,676.99,2026-02-04,680.0,2026-02-05,3.01,676.99,680.0,,,0.0,,,52793784,,,2353128959.0
Vistra Energy,STOCK,VST.US,BUY,1.0,141.0,2026-02-04,141.2,2026-02-05,0.2,141.0,141.2,,,0.0,,,52793784,,,2353396167.0
General Mills,STOCK,GIS.US,BUY,10.0,48.3,2026-02-05,48.45,2026-02-05,1.5,483.0,484.5,,,0.0,,,52793784,,,2356510062.0
Energy Select Sector,ETF,XLE.US,BUY,1.0,50.5,2026-02-03,51.57,2026-02-05,1.07,50.5,51.57,,,0.0,,,52793784,,,2349347463.0
DuPont,STOCK,DD.US,BUY,1.0,45.19,2026-02-03,46.14,2026-02-05,0.95,45.19,46.14,,,0.0,,,52793784,,,2350673582.0
Nike,STOCK,NKE.US,BUY,1.0,65.0,2026-01-21,62.86,2026-02-05,-2.14,65.0,62.86,,,0.0,,,52793784,,,2311885508.0
Nike,STOCK,NKE.US,BUY,1.0,64.0,2026-01-20,62.86,2026-02-05,-1.14,64.0,62.86,,,0.0,,,52793784,,,2306025819.0
Nuscale Power,STOCK,SMR.US,BUY,1.0,17.0,2026-02-04,15.91,2026-02-05,-1.09,17.0,15.91,,,0.0,,,52793784,,,2352768382.0
Nuscale Power,STOCK,SMR.US,BUY,1.0,17.0,2026-02-03,15.91,2026-02-05,-1.09,17.0,15.91,,,0.0,,,52793784,,,2350709635.0
Oracle,STOCK,ORCL.US,BUY,1.0,175.5,2026-01-23,146.0,2026-02-05,-29.5,175.5,146.0,,,0.0,,,52793784,,,2318594873.0
Netflix,STOCK,NFLX.US,BUY,1.0,84.98,2026-01-23,80.24,2026-02-03,-4.74,84.98,80.24,,,0.0,,,52793784,,,2318437627.0
Silver Trust,CFD,SLV.US,BUY,2.0,79.15,2026-02-03,79.44,2026-02-03,0.58,,,79.43,105.07,0.0,63.32,0.0,52793784,,,2349487864.0
Relmada Therapeutics,STOCK,RLMD.US,BUY,10.0,3.97,2026-01-28,3.83,2026-02-03,-1.4,39.7,38.3,,,0.0,,,52793784,,,2332756851.0
Silver Trust,CFD,SLV.US,BUY,2.0,79.86,2026-02-03,79.97,2026-02-03,0.22,,,79.96,105.0,0.0,63.89,0.0,52793784,,,2349350998.0
Walt Disney,STOCK,DIS.US,BUY,1.0,104.97,2026-02-02,102.94,2026-02-03,-2.03,104.97,102.94,,,0.0,,,52793784,,,2346931850.0
Park Hotels & Resorts,STOCK,PK.US,BUY,10.0,11.0,2026-02-02,11.01,2026-02-03,0.1,110.0,110.1,,,0.0,,,52793784,,,2347175034.0
Robinhood,STOCK,HOOD.US,BUY,2.0,102.75,2026-01-30,91.28,2026-02-02,-22.94,205.5,182.56,,,0.0,,,52793784,,,2340154148.0
Robinhood,STOCK,HOOD.US,BUY,1.0,100.0,2026-01-29,91.28,2026-02-02,-8.72,100.0,91.28,,,0.0,,,52793784,,,2337126607.0
Trade Desk,STOCK,TTD.US,BUY,5.0,31.88,2026-01-28,30.59,2026-01-30,-6.45,159.4,152.95,,,0.0,,,52793784,,,2332788408.0
Fiserv,STOCK,FISV.US,BUY,1.0,67.48,2026-01-23,63.0,2026-01-30,-4.48,67.48,63.0,,,0.0,,,52793784,,,2318939106.0
Bitfarms Ltd,STOCK,BITF.US,BUY,50.0,2.57,2026-01-27,2.42,2026-01-29,-7.5,128.5,121.0,,,0.0,,,52793784,,,2327980155.0
MicroStrategy,STOCK,MSTR.US,BUY,1.0,155.0,2026-01-29,140.0,2026-01-29,-15.0,155.0,140.0,,,0.0,,,52793784,,,2335177210.0
Intel,STOCK,INTC.US,BUY,2.0,48.31,2026-01-29,48.46,2026-01-29,0.3,96.62,96.92,,,0.0,,,52793784,,,2335358500.0
Teradata,STOCK,TDC.US,BUY,5.0,29.97,2026-01-23,29.69,2026-01-28,-1.4,149.85,148.45,,,0.0,,,52793784,,,2319026784.0
Trade Desk,STOCK,TTD.US,BUY,5.0,32.14,2026-01-27,32.25,2026-01-28,0.55,160.7,161.25,,,0.0,,,52793784,,,2328764825.0
Alibaba,STOCK,BABA.US,BUY,1.0,172.5,2026-01-23,175.58,2026-01-28,3.08,172.5,175.58,,,0.0,,,52793784,,,2318517870.0
Webull,STOCK,BULL.US,BUY,10.0,7.63,2026-01-27,7.62,2026-01-28,-0.1,76.3,76.2,,,0.0,,,52793784,,,2328945877.0
New Era Helium,STOCK,NEHC.US,BUY,2.0,7.4,2026-01-23,7.08,2026-01-28,-0.64,14.8,14.16,,,0.0,,,52793784,,,2319565840.0
Kanzhun,STOCK,BZ.US,BUY,10.0,19.4,2026-01-23,19.37,2026-01-28,-0.3,194.0,193.7,,,0.0,,,52793784,,,2318873409.0
Burning Rock Biotech,STOCK,BNR.US,BUY,1.0,35.75,2026-01-23,34.0,2026-01-28,-1.75,35.75,34.0,,,0.0,,,52793784,,,2319662483.0
Trade Desk,STOCK,TTD.US,BUY,5.0,31.94,2026-01-27,31.98,2026-01-27,0.2,159.7,159.9,,,0.0,,,52793784,,,2328717096.0
Vistra Energy,STOCK,VST.US,BUY,1.0,160.0,2026-01-22,163.35,2026-01-27,3.35,160.0,163.35,,,0.0,,,52793784,,,2314634943.0
Vistra Energy,STOCK,VST.US,BUY,1.0,162.0,2026-01-22,163.35,2026-01-27,1.35,162.0,163.35,,,0.0,,,52793784,,,2314549612.0
Applied Digital,STOCK,APLD.US,BUY,2.0,37.5,2026-01-23,41.0,2026-01-27,7.0,75.0,82.0,,,0.0,,,52793784,,,2319736967.0
Fiserv,STOCK,FISV.US,BUY,1.0,67.48,2026-01-23,67.51,2026-01-23,0.03,67.48,67.51,,,0.0,,,52793784,,,2318939106.0
Barrick Mining,STOCK,B.US,BUY,1.0,50.0,2026-01-21,50.08,2026-01-22,0.08,50.0,50.08,,,0.0,,,52793784,,,2310514795.0
Alphabet,STOCK,GOOGL.US,BUY,1.0,330.0,2026-01-21,332.52,2026-01-22,2.52,330.0,332.52,,,0.0,,,52793784,,,2311950395.0
Intel,STOCK,INTC.US,BUY,1.0,53.0,2026-01-21,53.61,2026-01-21,0.61,53.0,53.61,,,0.0,,,52793784,,,2311661439.0
PayPal,STOCK,PYPL.US,BUY,4.0,57.02,2026-01-15,55.47,2026-01-21,-6.2,228.08,221.88,,,0.0,,,52793784,,,2296071578.0
PayPal,STOCK,PYPL.US,BUY,1.0,56.86,2026-01-15,55.47,2026-01-21,-1.39,56.86,55.47,,,0.0,,,52793784,,,2295983984.0
Trade Desk,STOCK,TTD.US,BUY,5.0,35.0,2026-01-21,34.93,2026-01-21,-0.35,175.0,174.65,,,0.0,,,52793784,,,2310261656.0
Oddity Tech Ltd,STOCK,ODD.US,BUY,10.0,35.0,2026-01-16,34.08,2026-01-21,-9.2,350.0,340.8,,,0.0,,,52793784,,,2298773517.0
Roblox,STOCK,RBLX.US,BUY,1.0,80.0,2026-01-20,75.65,2026-01-21,-4.35,80.0,75.65,,,0.0,,,52793784,,,2306893041.0
Hims & Hers Health,STOCK,HIMS.US,BUY,3.0,32.4,2026-01-09,28.32,2026-01-21,-12.24,97.2,84.96,,,0.0,,,52793784,,,2280927895.0
Hims & Hers Health,STOCK,HIMS.US,BUY,1.0,34.79,2026-01-08,28.32,2026-01-21,-6.47,34.79,28.32,,,0.0,,,52793784,,,2277576929.0
Hims & Hers Health,STOCK,HIMS.US,BUY,1.0,35.27,2026-01-07,28.32,2026-01-21,-6.95,35.27,28.32,,,0.0,,,52793784,,,2275004744.0
GoDaddy,STOCK,GDDY.US,BUY,1.0,104.8,2026-01-20,105.0,2026-01-21,0.2,104.8,105.0,,,0.0,,,52793784,,,2306667125.0
Dynatrace,STOCK,DT.US,BUY,1.0,39.5,2026-01-20,39.18,2026-01-21,-0.32,39.5,39.18,,,0.0,,,52793784,,,2306525450.0
Duolingo,STOCK,DUOL.US,BUY,1.0,150.0,2026-01-16,147.7,2026-01-21,-2.3,150.0,147.7,,,0.0,,,52793784,,,2298665161.0
Robinhood,STOCK,HOOD.US,BUY,4.0,108.0,2026-01-16,108.18,2026-01-21,0.72,432.0,432.72,,,0.0,,,52793784,,,2299032715.0
Robinhood,STOCK,HOOD.US,BUY,1.0,108.0,2026-01-16,108.18,2026-01-21,0.18,108.0,108.18,,,0.0,,,52793784,,,2298800322.0
Redwire,STOCK,RDW.US,BUY,10.0,11.76,2026-01-16,11.0,2026-01-20,-7.6,117.6,110.0,,,0.0,,,52793784,,,2299968381.0
Super Micro Computer,STOCK,SMCI.US,BUY,5.0,31.03,2026-01-16,31.27,2026-01-20,1.2,155.15,156.35,,,0.0,,,52793784,,,2298722032.0
Oddity Tech Ltd,STOCK,ODD.US,BUY,10.0,33.94,2026-01-15,34.8,2026-01-16,8.6,339.4,348.0,,,0.0,,,52793784,,,2295707457.0
Netflix,STOCK,NFLX.US,BUY,1.0,90.27,2026-01-14,89.27,2026-01-15,-1.0,90.27,89.27,,,0.0,,,52793784,,,2291704840.0
Intel,STOCK,INTC.US,BUY,1.0,42.0,2026-01-08,47.71,2026-01-14,5.71,42.0,47.71,,,0.0,,,52793784,,,2277637990.0
Roblox,STOCK,RBLX.US,BUY,1.0,84.0,2026-01-14,83.65,2026-01-14,-0.35,84.0,83.65,,,0.0,,,52793784,,,2292392807.0
MicroStrategy,STOCK,MSTR.US,BUY,1.0,184.0,2026-01-14,184.51,2026-01-14,0.51,184.0,184.51,,,0.0,,,52793784,,,2292143153.0
Barrick Mining,STOCK,B.US,BUY,1.0,46.0,2026-01-08,49.8,2026-01-14,3.8,46.0,49.8,,,0.0,,,52793784,,,2277798982.0
Nike,STOCK,NKE.US,BUY,1.0,63.43,2026-01-07,66.93,2026-01-14,3.5,63.43,66.93,,,0.0,,,52793784,,,2275053917.0
Park Hotels & Resorts,STOCK,PK.US,BUY,10.0,10.5,2026-01-07,11.33,2026-01-14,8.3,105.0,113.3,,,0.0,,,52793784,,,2275538598.0
Ultrapro Dow30,CFD,UDOW.US,BUY,1.0,58.5,2025-12-19,61.0,2026-01-14,2.5,,,61.0,,0.0,58.5,0.0,52793784,,,2243915031.0
Asset Entities,STOCK,ASST.US,BUY,10.0,1.0,2026-01-06,0.98,2026-01-14,-0.2,10.0,9.8,,,0.0,,,52793784,,,2272002503.0
Humacyte Inc,STOCK,HUMA.US,BUY,10.0,1.12,2026-01-12,1.1201,2026-01-12,0.0,11.2,11.2,,,0.0,,,52793784,,,2285267837.0
Vistra Energy,STOCK,VST.US,BUY,1.0,168.5,2026-01-06,172.28,2026-01-09,3.78,168.5,172.28,,,0.0,,,52793784,,,2271830930.0
Novo Nordisk,STOCK,NVO.US,BUY,0.7497,57.15,2026-01-07,57.09,2026-01-07,-0.05,42.85,42.8,,,0.0,,,52793784,,,2275329049.0
Novo Nordisk,STOCK,NVO.US,BUY,0.2503,57.15,2026-01-07,57.09,2026-01-07,-0.01,14.3,14.29,,,0.0,,,52793784,,,2275328007.0
Novo Nordisk,STOCK,NVO.US,BUY,0.7497,57.15,2026-01-07,57.1,2026-01-07,-0.04,42.85,42.81,,,0.0,,,52793784,,,2275328007.0
Nike,STOCK,NKE.US,BUY,1.0,60.0,2025-12-24,63.27,2026-01-07,3.27,60.0,63.27,,,0.0,,,52793784,,,2251168893.0
Nike,STOCK,NKE.US,BUY,1.0,60.0,2025-12-24,63.27,2026-01-07,3.27,60.0,63.27,,,0.0,,,52793784,,,2250969560.0
Hims & Hers Health,STOCK,HIMS.US,BUY,5.0,32.5,2026-01-02,35.03,2026-01-07,12.65,162.5,175.15,,,0.0,,,52793784,,,2264601886.0
Barrick Mining,STOCK,B.US,BUY,2.0,44.5,2025-12-30,45.91,2026-01-07,2.82,89.0,91.82,,,0.0,,,52793784,,,2259864990.0
MicroStrategy,STOCK,MSTR.US,BUY,1.0,161.67,2026-01-06,162.3,2026-01-07,0.63,161.67,162.3,,,0.0,,,52793784,,,2271831453.0
Energy Select Sector,ETF,XLE.US,BUY,1.0,46.0,2026-01-06,45.65,2026-01-07,-0.35,46.0,45.65,,,0.0,,,52793784,,,2272175325.0
Alibaba,STOCK,BABA.US,BUY,1.0,150.0,2025-12-19,151.44,2026-01-06,1.44,150.0,151.44,,,0.0,,,52793784,,,2243923751.0
Robinhood,STOCK,HOOD.US,BUY,1.0,112.0,2026-01-02,120.88,2026-01-06,8.88,112.0,120.88,,,0.0,,,52793784,,,2264600271.0
Robinhood,STOCK,HOOD.US,BUY,1.0,117.5,2025-12-30,120.88,2026-01-06,3.38,117.5,120.88,,,0.0,,,52793784,,,2259731229.0
Robinhood,STOCK,HOOD.US,BUY,1.0,117.4,2025-12-30,120.88,2026-01-06,3.48,117.4,120.88,,,0.0,,,52793784,,,2259277913.0
Vistra Energy,STOCK,VST.US,BUY,1.0,166.0,2026-01-02,167.5,2026-01-06,1.5,166.0,167.5,,,0.0,,,52793784,,,2264830050.0
Vistra Energy,STOCK,VST.US,BUY,1.0,167.57,2025-12-18,167.5,2026-01-06,-0.07,167.57,167.5,,,0.0,,,52793784,,,2240994236.0
Udemy,STOCK,UDMY.US,BUY,5.0,5.74,2025-12-31,5.8,2026-01-02,0.3,28.7,29.0,,,0.0,,,52793784,,,2261561679.0
IONQ,STOCK,IONQ.US,BUY,1.0,51.0,2025-12-24,46.91,2025-12-26,-4.09,51.0,46.91,,,0.0,,,52793784,,,2250733417.0
IONQ,STOCK,IONQ.US,BUY,1.0,48.5,2025-12-19,52.25,2025-12-23,3.75,48.5,52.25,,,0.0,,,52793784,,,2243489945.0
Robinhood,STOCK,HOOD.US,BUY,1.0,117.5,2025-12-18,119.09,2025-12-23,1.59,117.5,119.09,,,0.0,,,52793784,,,2241593047.0
Oracle,STOCK,ORCL.US,BUY,1.0,183.0,2025-12-17,194.34,2025-12-23,11.34,183.0,194.34,,,0.0,,,52793784,,,2237774881.0
Rocket Lab,STOCK,RKLB.US,BUY,10.0,62.99,2025-12-19,63.2,2025-12-19,2.1,629.9,632.0,,,0.0,,,52793784,,,2242971635.0
Robinhood,STOCK,HOOD.US,BUY,1.0,118.5,2025-12-18,118.47,2025-12-18,-0.03,118.5,118.47,,,0.0,,,52793784,,,2241137544.0
Vistra Energy,STOCK,VST.US,BUY,1.0,160.0,2025-12-17,169.99,2025-12-18,9.99,160.0,169.99,,,0.0,,,52793784,,,2238823734.0
Vistra Energy,STOCK,VST.US,BUY,1.0,160.0,2025-12-17,169.99,2025-12-18,9.99,160.0,169.99,,,0.0,,,52793784,,,2238718142.0
Vistra Energy,STOCK,VST.US,BUY,1.0,170.0,2025-12-17,169.99,2025-12-18,-0.01,170.0,169.99,,,0.0,,,52793784,,,2237779929.0
Robinhood,STOCK,HOOD.US,BUY,1.0,119.55,2025-12-17,120.74,2025-12-18,1.19,119.55,120.74,,,0.0,,,52793784,,,2238430576.0
Rocket Lab,STOCK,RKLB.US,BUY,1.0,54.5,2025-12-16,55.05,2025-12-17,0.55,54.5,55.05,,,0.0,,,52793784,,,2236094251.0
Robinhood,STOCK,HOOD.US,BUY,1.0,121.0,2025-12-17,121.63,2025-12-17,0.63,121.0,121.63,,,0.0,,,52793784,,,2237797640.0
Alibaba,STOCK,BABA.US,BUY,1.0,149.43,2025-12-16,149.78,2025-12-17,0.35,149.43,149.78,,,0.0,,,52793784,,,2236088235.0
Rocket Lab,STOCK,RKLB.US,BUY,1.0,56.0,2025-12-16,53.28,2025-12-16,-2.72,56.0,53.28,,,0.0,,,52793784,,,2235167204.0
Oracle,STOCK,ORCL.US,BUY,1.0,187.5,2025-12-15,186.53,2025-12-16,-0.97,187.5,186.53,,,0.0,,,52793784,,,2232165988.0
Robinhood,STOCK,HOOD.US,BUY,1.0,117.0,2025-12-15,119.12,2025-12-16,2.12,117.0,119.12,,,0.0,,,52793784,,,2233269362.0
Robinhood,STOCK,HOOD.US,BUY,1.0,119.0,2025-12-12,119.12,2025-12-16,0.12,119.0,119.12,,,0.0,,,52793784,,,2229581126.0
Vistra Energy,STOCK,VST.US,BUY,1.0,170.77,2025-12-12,170.32,2025-12-16,-0.45,170.77,170.32,,,0.0,,,52793784,,,2228774641.0
Robinhood,STOCK,HOOD.US,BUY,1.0,121.33,2025-12-12,118.67,2025-12-12,-2.66,121.33,118.67,,,0.0,,,52793784,,,2228403938.0
Robinhood,STOCK,HOOD.US,BUY,1.0,123.18,2025-12-11,118.67,2025-12-12,-4.51,123.18,118.67,,,0.0,,,52793784,,,2226548060.0
Robinhood,STOCK,HOOD.US,BUY,2.0,126.0,2025-12-11,118.67,2025-12-12,-14.66,252.0,237.34,,,0.0,,,52793784,,,2225613898.0
Vistra Energy,STOCK,VST.US,BUY,1.0,160.0,2025-12-10,173.77,2025-12-12,13.77,160.0,173.77,,,0.0,,,52793784,,,2222351871.0
Vistra Energy,STOCK,VST.US,BUY,4.0,166.5,2025-12-09,173.77,2025-12-12,29.08,666.0,695.08,,,0.0,,,52793784,,,2219871144.0
Alibaba,STOCK,BABA.US,BUY,3.0,155.0,2025-12-09,157.78,2025-12-12,8.34,465.0,473.34,,,0.0,,,52793784,,,2219805157.0
Vistra Energy,STOCK,VST.US,BUY,1.0,166.5,2025-12-09,174.28,2025-12-11,7.78,166.5,174.28,,,0.0,,,52793784,,,2219871144.0
Oracle,STOCK,ORCL.US,BUY,1.0,220.45,2025-12-10,187.84,2025-12-11,-32.61,220.45,187.84,,,0.0,,,52793784,,,2223345740.0
Netflix,STOCK,NFLX.US,BUY,2.0,100.22,2025-12-05,96.07,2025-12-09,-8.3,200.44,192.14,,,0.0,,,52793784,,,2215382870.0
Vistra Energy,STOCK,VST.US,BUY,5.0,169.7,2025-11-21,176.06,2025-12-01,31.8,848.5,880.3,,,0.0,,,52793784,,,2188545159.0
Rocket Lab,STOCK,RKLB.US,BUY,4.0,40.52,2025-11-21,41.1,2025-12-01,2.32,162.08,164.4,,,0.0,,,52793784,,,2188568142.0
Robinhood,STOCK,HOOD.US,BUY,5.0,107.84,2025-11-21,127.83,2025-11-28,99.95,539.2,639.15,,,0.0,,,52793784,,,2188544703.0
Vistra Energy,STOCK,VST.US,BUY,5.0,180.0,2025-11-20,176.72,2025-11-20,-16.4,900.0,883.6,,,0.0,,,52793784,,,2184157205.0
Robinhood,STOCK,HOOD.US,BUY,5.0,114.0,2025-11-20,108.49,2025-11-20,-27.55,570.0,542.45,,,0.0,,,52793784,,,2184035537.0
Vistra Energy,STOCK,VST.US,BUY,5.0,179.6,2025-11-19,185.83,2025-11-20,31.15,898.0,929.15,,,0.0,,,52793784,,,2180195975.0
Rocket Lab,STOCK,RKLB.US,BUY,3.0,43.5,2025-11-19,44.55,2025-11-20,3.15,130.5,133.65,,,0.0,,,52793784,,,2180496073.0
Robinhood,STOCK,HOOD.US,BUY,4.0,116.0,2025-11-19,119.52,2025-11-20,14.08,464.0,478.08,,,0.0,,,52793784,,,2180157938.0
Vistra Energy,STOCK,VST.US,BUY,5.0,170.88,2025-11-14,177.28,2025-11-17,32.0,854.4,886.4,,,0.0,,,52793784,,,2169638658.0
Opendoor,STOCK,OPEN.US,BUY,10.0,8.4,2025-11-14,7.91,2025-11-17,-4.9,84.0,79.1,,,0.0,,,52793784,,,2170219461.0
Robinhood,STOCK,HOOD.US,BUY,4.0,118.0,2025-11-14,118.4,2025-11-17,1.6,472.0,473.6,,,0.0,,,52793784,,,2169694525.0
Robinhood,STOCK,HOOD.US,BUY,2.0,122.0,2025-11-07,122.21,2025-11-07,0.42,244.0,244.42,,,0.0,,,52793784,,,2153088519.0
Meta,STOCK,META.US,BUY,1.0,640.13,2025-11-04,627.86,2025-11-06,-12.27,640.13,627.86,,,0.0,,,52793784,,,2144176650.0
Duolingo,STOCK,DUOL.US,BUY,1.0,263.0,2025-10-31,187.76,2025-11-06,-75.24,263.0,187.76,,,0.0,,,52793784,,,2136698290.0
Oracle,STOCK,ORCL.US,BUY,1.0,261.0,2025-10-30,245.33,2025-11-06,-15.67,261.0,245.33,,,0.0,,,52793784,,,2134219321.0
Critical Metals,STOCK,CRML.US,BUY,5.0,12.69,2025-10-31,10.45,2025-11-06,-11.2,63.45,52.25,,,0.0,,,52793784,,,2136532800.0
Berkshire,STOCK,BRKB.US,BUY,1.0,477.0,2025-10-30,477.1,2025-10-31,0.1,477.0,477.1,,,0.0,,,52793784,,,2133577842.0
Aehr Test,STOCK,AEHR.US,BUY,2.0,25.5,2025-10-30,25.25,2025-10-30,-0.5,51.0,50.5,,,0.0,,,52793784,,,2133810906.0
Microsoft,STOCK,MSFT.US,BUY,1.0,528.0,2025-10-30,529.39,2025-10-30,1.39,528.0,529.39,,,0.0,,,52793784,,,2133693074.0
Chipotle,STOCK,CMG.US,BUY,1.0,42.0,2025-10-23,31.71,2025-10-30,-10.29,42.0,31.71,,,0.0,,,52793784,,,2116921958.0
Texas Instruments,STOCK,TXN.US,BUY,1.0,171.69,2025-10-23,163.36,2025-10-29,-8.33,171.69,163.36,,,0.0,,,52793784,,,2116364465.0
Globant,STOCK,GLOB.US,BUY,1.0,63.39,2025-10-27,59.82,2025-10-29,-3.57,63.39,59.82,,,0.0,,,52793784,,,2124064165.0
Duolingo,STOCK,DUOL.US,BUY,1.0,318.98,2025-10-21,298.1,2025-10-28,-20.88,318.98,298.1,,,0.0,,,52793784,,,2109241058.0
Robinhood,STOCK,HOOD.US,BUY,1.0,122.5,2025-10-22,146.39,2025-10-28,23.89,122.5,146.39,,,0.0,,,52793784,,,2113366980.0
Vistra Energy,STOCK,VST.US,BUY,2.0,187.4,2025-10-21,197.99,2025-10-24,21.18,374.8,395.98,,,0.0,,,52793784,,,2109227477.0
Opendoor,STOCK,OPEN.US,BUY,10.0,7.14,2025-10-23,8.03,2025-10-24,8.9,71.4,80.3,,,0.0,,,52793784,,,2115971415.0
US100,CFD,US100,BUY,0.01,25170.25,2025-10-23,25117.75,2025-10-23,-10.5,,,,25179.61,0.0,25.17,0.0,52793784,,,2116060735.0
Onsemi,STOCK,ON.US,BUY,1.0,50.5,2025-10-14,52.52,2025-10-17,2.02,50.5,52.52,,,0.0,,,52793784,,,2088277696.0
Robinhood,STOCK,HOOD.US,BUY,1.0,139.0,2025-10-13,132.7,2025-10-16,-6.3,139.0,132.7,,,0.0,,,52793784,,,2084299667.0
Hims & Hers Health,STOCK,HIMS.US,BUY,2.0,56.46,2025-10-15,61.81,2025-10-16,10.7,112.92,123.62,,,0.0,,,52793784,,,2091485096.0
Bank of America,STOCK,BAC.US,BUY,1.0,49.17,2025-10-13,52.33,2025-10-16,3.16,49.17,52.33,,,0.0,,,52793784,,,2084358621.0
Chewy,STOCK,CHWY.US,BUY,2.0,38.75,2025-10-10,37.97,2025-10-15,-1.56,77.5,75.94,,,0.0,,,52793784,,,2079844461.0
Hewlett-Packard,STOCK,HPQ.US,BUY,2.0,28.42,2025-10-14,28.74,2025-10-15,0.64,56.84,57.48,,,0.0,,,52793784,,,2088077541.0
Amazon,STOCK,AMZN.US,BUY,1.0,220.0,2025-10-13,216.29,2025-10-15,-3.71,220.0,216.29,,,0.0,,,52793784,,,2084304928.0
Alibaba,STOCK,BABA.US,BUY,1.0,166.27,2025-10-13,160.9,2025-10-14,-5.37,166.27,160.9,,,0.0,,,52793784,,,2083581961.0
Bank of America,STOCK,BAC.US,BUY,0.4115,49.23,2025-10-13,49.16,2025-10-13,-0.03,20.26,20.23,,,0.0,,,52793784,,,2084354590.0
PayPal,STOCK,PYPL.US,BUY,1.0,73.52,2025-10-10,69.7,2025-10-13,-3.82,73.52,69.7,,,0.0,,,52793784,,,2079099158.0
Coca-Cola,STOCK,KO.US,BUY,1.0,67.0,2025-10-10,66.01,2025-10-13,-0.99,67.0,66.01,,,0.0,,,52793784,,,2080119994.0
Joby Aviation,STOCK,JOBY.US,BUY,2.0,17.19,2025-10-08,17.45,2025-10-09,0.52,34.38,34.9,,,0.0,,,52793784,,,2072979131.0
Uber,STOCK,UBER.US,BUY,1.0,99.5,2025-10-08,98.86,2025-10-09,-0.64,99.5,98.86,,,0.0,,,52793784,,,2073458204.0
Nuscale Power,STOCK,SMR.US,BUY,2.0,40.0,2025-10-08,38.75,2025-10-08,-2.5,80.0,77.5,,,0.0,,,52793784,,,2072243498.0
D-Wave Quantum Inc,STOCK,QBTS.US,BUY,1.0,36.15,2025-10-08,35.4,2025-10-08,-0.75,36.15,35.4,,,0.0,,,52793784,,,2072452865.0
Mp Materials,STOCK,MP.US,BUY,1.0,73.5,2025-10-08,70.96,2025-10-08,-2.54,73.5,70.96,,,0.0,,,52793784,,,2072315486.0
Duolingo,STOCK,DUOL.US,BUY,1.0,319.79,2025-10-07,323.01,2025-10-08,3.22,319.79,323.01,,,0.0,,,52793784,,,2069057580.0
Gitlab,STOCK,GTLB.US,BUY,1.0,44.5,2025-10-07,46.16,2025-10-08,1.66,44.5,46.16,,,0.0,,,52793784,,,2069978157.0
EOG Resources,STOCK,EOG.US,BUY,1.0,110.45,2025-10-02,110.0,2025-10-08,-0.45,110.45,110.0,,,0.0,,,52793784,,,2060580455.0
UPS,STOCK,UPS.US,BUY,1.0,86.5,2025-10-06,85.52,2025-10-08,-0.98,86.5,85.52,,,0.0,,,52793784,,,2065822608.0
Aehr Test,STOCK,AEHR.US,BUY,1.0,26.1,2025-10-07,25.76,2025-10-08,-0.34,26.1,25.76,,,0.0,,,52793784,,,2070264718.0
Oscar Health,STOCK,OSCR.US,BUY,3.0,23.12,2025-10-07,22.6,2025-10-07,-1.56,69.36,67.8,,,0.0,,,52793784,,,2069977103.0
PayPal,STOCK,PYPL.US,BUY,1.0,69.5,2025-10-06,73.14,2025-10-07,3.64,69.5,73.14,,,0.0,,,52793784,,,2065894504.0
SoFi,STOCK,SOFI.US,BUY,2.0,25.54,2025-10-06,25.62,2025-10-06,0.16,51.08,51.24,,,0.0,,,52793784,,,2065984272.0
Power Solutions International,STOCK,PSIX.US,BUY,1.0,94.91,2025-10-02,91.5,2025-10-06,-3.41,94.91,91.5,,,0.0,,,52793784,,,2060501141.0
Opendoor,STOCK,OPEN.US,BUY,10.0,8.52,2025-10-03,8.23,2025-10-06,-2.9,85.2,82.3,,,0.0,,,52793784,,,2062538858.0
Opendoor,STOCK,OPEN.US,BUY,10.0,8.15,2025-09-30,8.39,2025-10-03,2.4,81.5,83.9,,,0.0,,,52793784,,,2054176472.0
PayPal,STOCK,PYPL.US,BUY,1.0,67.34,2025-09-30,67.99,2025-10-03,0.65,67.34,67.99,,,0.0,,,52793784,,,2054377166.0
Synovus,STOCK,SNV.US,BUY,1.0,48.0,2025-09-30,47.89,2025-10-02,-0.11,48.0,47.89,,,0.0,,,52793784,,,2054291375.0
Oklo Inc,STOCK,OKLO.US,BUY,1.0,111.8,2025-10-01,117.7,2025-10-02,5.9,111.8,117.7,,,0.0,,,52793784,,,2056857251.0
Intuitive Machines,STOCK,LUNR.US,BUY,2.0,9.9,2025-09-25,10.05,2025-09-29,0.3,19.8,20.1,,,0.0,,,52793784,,,2046091783.0
Intel,STOCK,INTC.US,BUY,1.0,31.0,2025-09-18,33.85,2025-09-29,2.85,31.0,33.85,,,0.0,,,52793784,,,2033566817.0
Opendoor,STOCK,OPEN.US,BUY,10.0,8.5,2025-09-26,8.54,2025-09-29,0.4,85.0,85.4,,,0.0,,,52793784,,,2048402060.0
US2000,CFD,US2000,BUY,0.01,2440.3,2025-09-26,2440.4,2025-09-26,0.2,,,,2452.3,0.0,48.81,0.0,52793784,,,2047915807.0
Pfizer,STOCK,PFE.US,BUY,1.0,24.0,2025-09-24,23.7,2025-09-26,-0.3,24.0,23.7,,,0.0,,,52793784,,,2043501380.0
SoundHound,STOCK,SOUN.US,BUY,1.0,16.38,2025-09-25,16.39,2025-09-26,0.01,16.38,16.39,,,0.0,,,52793784,,,2046327799.0
Rocket Lab,STOCK,RKLB.US,BUY,1.0,46.25,2025-09-25,46.56,2025-09-26,0.31,46.25,46.56,,,0.0,,,52793784,,,2046049986.0
Novo Nordisk,STOCK,NVO.US,BUY,1.0,56.5,2025-09-25,55.69,2025-09-26,-0.81,56.5,55.69,,,0.0,,,52793784,,,2045585344.0
Novo Nordisk,STOCK,NVO.US,BUY,1.0,57.0,2025-09-25,55.69,2025-09-26,-1.31,57.0,55.69,,,0.0,,,52793784,,,2045472298.0
BigBear.ai,STOCK,BBAI.US,BUY,4.0,7.07,2025-09-25,6.91,2025-09-26,-0.64,28.28,27.64,,,0.0,,,52793784,,,2046060447.0
Opendoor,STOCK,OPEN.US,BUY,5.0,8.03,2025-09-25,8.66,2025-09-26,3.15,40.15,43.3,,,0.0,,,52793784,,,2045178626.0
Opendoor,STOCK,OPEN.US,BUY,5.0,7.66,2025-09-24,8.66,2025-09-26,5.0,38.3,43.3,,,0.0,,,52793784,,,2043222244.0
Eos Energy Enterprises Inc,STOCK,EOSE.US,BUY,1.0,10.0,2025-09-23,9.81,2025-09-25,-0.19,10.0,9.81,,,0.0,,,52793784,,,2041056085.0
JD.com,STOCK,JD.US,BUY,1.0,35.51,2025-09-24,34.56,2025-09-25,-0.95,35.51,34.56,,,0.0,,,52793784,,,2043119915.0
Webull,STOCK,BULL.US,BUY,2.0,14.3,2025-09-23,13.35,2025-09-25,-1.9,28.6,26.7,,,0.0,,,52793784,,,2041019690.0
US100,CFD,US100,BUY,0.01,24674.32,2025-09-24,24683.96,2025-09-24,1.93,,,,24794.7,0.0,24.67,0.0,52793784,,,2043182621.0
Zeta Global,STOCK,ZETA.US,BUY,2.0,21.7,2025-09-22,21.22,2025-09-24,-0.96,43.4,42.44,,,0.0,,,52793784,,,2038183386.0
Uipath,STOCK,PATH.US,BUY,2.0,13.0,2025-09-23,12.44,2025-09-24,-1.12,26.0,24.88,,,0.0,,,52793784,,,2040274118.0
Opendoor,STOCK,OPEN.US,BUY,10.0,7.7,2025-09-23,7.97,2025-09-24,2.7,77.0,79.7,,,0.0,,,52793784,,,2040988913.0
Opendoor,STOCK,OPEN.US,BUY,10.0,7.4,2025-09-23,7.97,2025-09-24,5.7,74.0,79.7,,,0.0,,,52793784,,,2040556757.0
Samsara,STOCK,IOT.US,BUY,1.0,39.5,2025-09-22,38.17,2025-09-24,-1.33,39.5,38.17,,,0.0,,,52793784,,,2037998138.0
Rocket Lab,STOCK,RKLB.US,BUY,1.0,48.39,2025-09-18,51.57,2025-09-24,3.18,48.39,51.57,,,0.0,,,52793784,,,2033674774.0
Zeta Global,STOCK,ZETA.US,BUY,3.0,21.7,2025-09-22,22.09,2025-09-23,1.17,65.1,66.27,,,0.0,,,52793784,,,2038183386.0
Upstart,STOCK,UPST.US,BUY,1.0,64.5,2025-09-22,64.71,2025-09-23,0.21,64.5,64.71,,,0.0,,,52793784,,,2038325991.0
COFFEE,CFD,COFFEE,BUY,0.005,360.2,2025-09-23,361.4,2025-09-23,12.0,,,361.04,365.28,0.0,54.03,0.0,52793784,,,2040202599.0
COFFEE,CFD,COFFEE,BUY,0.005,359.07,2025-09-23,360.27,2025-09-23,12.0,,,360.6,369.25,0.0,53.86,0.0,52793784,,,2040047197.0
COFFEE,CFD,COFFEE,BUY,0.005,359.3,2025-09-23,359.22,2025-09-23,-0.8,,,359.63,369.39,0.0,53.9,0.0,52793784,,,2040015077.0
COFFEE,CFD,COFFEE,BUY,0.01,387.57,2025-09-17,388.87,2025-09-17,26.0,,,,388.76,0.0,116.27,0.0,52793784,,,2029881113.0
COFFEE,CFD,COFFEE,BUY,0.01,387.57,2025-09-17,388.12,2025-09-17,11.0,,,,390.09,0.0,116.27,0.0,52793784,,,2029862223.0
Centene,STOCK,CNC.US,BUY,2.0,33.0,2025-09-15,32.43,2025-09-16,-1.14,66.0,64.86,,,0.0,,,52793784,,,2025188186.0
Robinhood,STOCK,HOOD.US,BUY,1.0,114.0,2025-09-15,114.85,2025-09-16,0.85,114.0,114.85,,,0.0,,,52793784,,,2025434253.0
Adobe Systems,CFD,ADBE.US,BUY,1.0,360.71,2025-09-12,347.35,2025-09-12,-13.36,,,,375.22,0.0,72.14,0.0,52793784,,,2022370023.0
UPS,CFD,UPS.US,BUY,4.0,83.0,2025-09-11,83.73,2025-09-12,2.84,,,83.75,98.19,0.0,66.4,-0.08,52793784,,,2020231194.0
Oracle,CFD,ORCL.US,BUY,1.0,314.95,2025-09-11,315.34,2025-09-11,0.39,,,,330.5,0.0,62.99,0.0,52793784,,,2020406655.0
Centene,CFD,CNC.US,BUY,5.0,30.23,2025-09-10,34.69,2025-09-11,22.26,,,31.23,41.67,0.0,30.23,-0.04,52793784,,,2018093714.0
Upstart,CFD,UPST.US,BUY,1.0,63.0,2025-09-10,62.6,2025-09-10,-0.4,,,,63.21,0.0,18.9,0.0,52793784,,,2018350666.0
Oracle,CFD,ORCL.US,BUY,2.0,327.03,2025-09-10,331.41,2025-09-10,8.76,,,,,0.0,130.81,0.0,52793784,,,2017828770.0
Qualcomm,CFD,QCOM.US,BUY,5.0,158.94,2025-09-09,157.96,2025-09-09,-4.9,,,158.02,160.09,0.0,158.94,0.0,52793784,,,2016102047.0
Qualcomm,CFD,QCOM.US,BUY,5.0,160.15,2025-09-08,158.99,2025-09-08,-5.8,,,159.0,163.04,0.0,160.15,0.0,52793784,,,2013274446.0
Nvidia,CFD,NVDA.US,BUY,3.0,166.48,2025-09-05,169.02,2025-09-08,7.26,,,169.02,181.64,0.0,99.89,-0.36,52793784,,,2010534576.0
US100,CFD,US100,BUY,0.01,23626.29,2025-09-05,23627.95,2025-09-05,0.33,,,,23669.09,0.0,23.63,0.0,52793784,,,2010388660.0
US100,CFD,US100,BUY,0.01,23625.28,2025-09-05,23637.96,2025-09-05,2.54,,,23638.14,23694.85,0.0,23.63,0.0,52793784,,,2010284157.0
US100,CFD,US100,BUY,0.01,23613.81,2025-09-05,23633.99,2025-09-05,4.04,,,23634.15,23872.93,0.0,23.61,0.0,52793784,,,2010216769.0
Tempus AI,STOCK,TEM.US,BUY,1.0,75.77,2025-09-03,76.82,2025-09-05,1.05,75.77,76.82,,,0.0,,,52793784,,,2005932494.0
Upstart,STOCK,UPST.US,BUY,1.0,69.1,2025-09-02,64.83,2025-09-03,-4.27,69.1,64.83,,,0.0,,,52793784,,,2003559320.0
Hewlett Packard,STOCK,HPE.US,BUY,10.0,59.18,2026-06-02,56.64,2026-06-02,-25.4,591.8,566.4,,,0.0,,,53682207,,,2608850804.0
Erasca,STOCK,ERAS.US,BUY,10.0,14.6,2026-06-01,13.74,2026-06-02,-8.6,146.0,137.4,,,0.0,,,53682207,,,2606425974.0
AXT,STOCK,AXTI.US,BUY,5.0,112.0,2026-06-01,116.6,2026-06-02,23.0,560.0,583.0,,,0.0,,,53682207,,,2606414575.0
Dell,STOCK,DELL.US,BUY,1.0,418.0,2026-05-29,418.0,2026-05-29,0.0,418.0,418.0,,,0.0,,,53682207,,,2601826319.0
AeroVironment,STOCK,AVAV.US,BUY,1.0,184.0,2026-05-26,212.07,2026-05-28,28.07,184.0,212.07,,,0.0,,,53682207,,,2594562063.0
Vistra Energy,STOCK,VST.US,BUY,1.0,160.0,2026-05-28,161.87,2026-05-28,1.87,160.0,161.87,,,0.0,,,53682207,,,2599360043.0
SoFi,STOCK,SOFI.US,BUY,10.0,16.0,2026-05-26,16.08,2026-05-28,0.8,160.0,160.8,,,0.0,,,53682207,,,2593948622.0
Vistra Energy,STOCK,VST.US,BUY,1.0,141.0,2026-05-13,165.0,2026-05-26,24.0,141.0,165.0,,,0.0,,,53682207,,,2569649037.0
Vistra Energy,STOCK,VST.US,BUY,2.0,140.5,2026-05-13,165.0,2026-05-26,49.0,281.0,330.0,,,0.0,,,53682207,,,2569563614.0
Alibaba,STOCK,BABA.US,BUY,1.0,129.0,2026-05-21,129.77,2026-05-22,0.77,129.0,129.77,,,0.0,,,53682207,,,2586622266.0
SoFi,STOCK,SOFI.US,BUY,4.0,15.5,2026-05-21,15.61,2026-05-22,0.44,62.0,62.44,,,0.0,,,53682207,,,2586637034.0
Critical Metals,STOCK,CRML.US,BUY,1.0,11.28,2026-05-21,11.31,2026-05-21,0.03,11.28,11.31,,,0.0,,,53682207,,,2586638904.0
United States Antimony,STOCK,UAMY.US,BUY,10.0,8.4,2026-05-20,8.45,2026-05-21,0.5,84.0,84.5,,,0.0,,,53682207,,,2584763859.0
Gambling.com,STOCK,GAMB.US,BUY,20.0,4.45,2026-05-07,4.19,2026-05-13,-5.2,89.0,83.8,,,0.0,,,53682207,,,2557867846.0
Tencent Music,STOCK,TME.US,BUY,10.0,9.38,2026-05-07,8.92,2026-05-13,-4.6,93.8,89.2,,,0.0,,,53682207,,,2557711497.0
Critical Metals,STOCK,CRML.US,BUY,5.0,8.2,2026-03-19,11.88,2026-04-20,18.4,41.0,59.4,,,0.0,,,53682207,,,2454494480.0
Critical Metals,STOCK,CRML.US,BUY,10.0,9.9,2026-03-11,11.88,2026-04-20,19.8,99.0,118.8,,,0.0,,,53682207,,,2434559895.0
Stratasys,STOCK,SSYS.US,BUY,5.0,7.6,2026-03-20,8.84,2026-04-20,6.2,38.0,44.2,,,0.0,,,53682207,,,2458515250.0
Silver Trust,ETF,SLV.US,BUY,1.0,63.0,2026-03-19,72.25,2026-04-20,9.25,63.0,72.25,,,0.0,,,53682207,,,2454500496.0
Barrick Mining,STOCK,B.US,BUY,1.0,37.5,2026-03-19,42.84,2026-04-20,5.34,37.5,42.84,,,0.0,,,53682207,,,2454649839.0
Enovix,STOCK,ENVX.US,BUY,10.0,4.9,2026-03-10,4.98,2026-03-11,0.8,49.0,49.8,,,0.0,,,53682207,,,2431735565.0
Hims & Hers Health,STOCK,HIMS.US,BUY,1.0,23.0,2026-03-10,23.1,2026-03-10,0.1,23.0,23.1,,,0.0,,,53682207,,,2431485269.0
BigBear.ai,STOCK,BBAI.US,BUY,2.0,3.92,2026-02-27,4.24,2026-03-10,0.64,7.84,8.48,,,0.0,,,53682207,,,2402050539.0
Microsoft,STOCK,MSFT.US,BUY,1.0,394.52,2026-02-27,404.85,2026-03-10,10.33,394.52,404.85,,,0.0,,,53682207,,,2401551152.0
Microsoft,STOCK,MSFT.US,BUY,1.0,399.75,2026-02-06,402.24,2026-02-26,2.49,399.75,402.24,,,0.0,,,53682207,,,2360034609.0
Energy Select Sector,ETF,XLE.US,BUY,1.0,51.5,2026-02-05,51.63,2026-02-05,0.13,51.5,51.63,,,0.0,,,53682207,,,2356917910.0
Nuscale Power,STOCK,SMR.US,BUY,1.0,17.0,2026-02-04,15.91,2026-02-05,-1.09,17.0,15.91,,,0.0,,,53682207,,,2352768383.0
Relmada Therapeutics,STOCK,RLMD.US,BUY,10.0,3.6,2026-01-30,3.5,2026-02-02,-1.0,36.0,35.0,,,0.0,,,53682207,,,2341073030.0
Robinhood,STOCK,HOOD.US,BUY,1.0,102.98,2026-01-30,93.46,2026-02-02,-9.52,102.98,93.46,,,0.0,,,53682207,,,2340152336.0
Robinhood,STOCK,HOOD.US,BUY,1.0,100.64,2026-01-29,93.46,2026-02-02,-7.18,100.64,93.46,,,0.0,,,53682207,,,2337330839.0
Fiserv,STOCK,FISV.US,BUY,1.0,64.5,2026-01-29,63.6,2026-01-29,-0.9,64.5,63.6,,,0.0,,,53682207,,,2335316264.0
Fiserv,STOCK,FISV.US,BUY,1.0,66.5,2026-01-26,63.6,2026-01-29,-2.9,66.5,63.6,,,0.0,,,53682207,,,2324782022.0
Marvell,STOCK,MRVL.US,BUY,1.0,81.0,2026-01-26,82.9,2026-01-28,1.9,81.0,82.9,,,0.0,,,53682207,,,2323685152.0
Nike,STOCK,NKE.US,BUY,1.0,65.0,2026-01-21,65.27,2026-01-26,0.27,65.0,65.27,,,0.0,,,53682207,,,2311885509.0
Vistra Energy,STOCK,VST.US,BUY,1.0,161.5,2026-01-22,162.89,2026-01-26,1.39,161.5,162.89,,,0.0,,,53682207,,,2315940260.0
PayPal,STOCK,PYPL.US,BUY,1.0,56.87,2026-01-15,56.09,2026-01-21,-0.78,56.87,56.09,,,0.0,,,53682207,,,2295982716.0
Oddity Tech Ltd,STOCK,ODD.US,BUY,1.0,34.3,2026-01-21,34.5,2026-01-21,0.2,34.3,34.5,,,0.0,,,53682207,,,2311105055.0
Trade Desk,STOCK,TTD.US,BUY,1.0,34.9,2026-01-21,35.44,2026-01-21,0.54,34.9,35.44,,,0.0,,,53682207,,,2311126994.0
Hims & Hers Health,STOCK,HIMS.US,BUY,1.0,32.3,2026-01-09,28.31,2026-01-21,-3.99,32.3,28.31,,,0.0,,,53682207,,,2281790271.0
Hims & Hers Health,STOCK,HIMS.US,BUY,1.0,35.5,2026-01-07,28.31,2026-01-21,-7.19,35.5,28.31,,,0.0,,,53682207,,,2275531696.0
Trade Desk,STOCK,TTD.US,BUY,0.0597,34.9,2026-01-21,34.91,2026-01-21,0.0,2.08,2.08,,,0.0,,,53682207,,,2311101438.0
Oddity Tech Ltd,STOCK,ODD.US,BUY,4.0,34.51,2026-01-15,34.58,2026-01-21,0.28,138.04,138.32,,,0.0,,,53682207,,,2295768636.0
Redwire,STOCK,RDW.US,BUY,1.0,11.75,2026-01-16,10.98,2026-01-20,-0.77,11.75,10.98,,,0.0,,,53682207,,,2299967239.0
Oddity Tech Ltd,STOCK,ODD.US,BUY,1.0,34.51,2026-01-15,34.78,2026-01-15,0.27,34.51,34.78,,,0.0,,,53682207,,,2295768636.0
Netflix,STOCK,NFLX.US,BUY,1.0,89.0,2026-01-14,89.17,2026-01-15,0.17,89.0,89.17,,,0.0,,,53682207,,,2291850369.0
TSS,STOCK,TSSI.US,BUY,1.0,7.9,2026-01-05,9.56,2026-01-14,1.66,7.9,9.56,,,0.0,,,53682207,,,2268975767.0
Asset Entities,STOCK,ASST.US,BUY,10.0,1.0,2026-01-06,1.03,2026-01-14,0.3,10.0,10.3,,,0.0,,,53682207,,,2272034975.0
Nike,STOCK,NKE.US,BUY,1.0,63.5,2026-01-07,66.87,2026-01-14,3.37,63.5,66.87,,,0.0,,,53682207,,,2274822332.0
Humacyte Inc,STOCK,HUMA.US,BUY,10.0,1.2199,2026-01-07,1.1201,2026-01-12,-1.0,12.2,11.2,,,0.0,,,53682207,,,2275523396.0
Opendoor,CFD,OPEN.US,BUY,10.0,6.4,2026-01-07,7.03,2026-01-12,6.3,,,7.15,,0.0,64.0,0.0,53682207,,,2275500656.0
Hims & Hers Health,STOCK,HIMS.US,BUY,1.0,35.0,2026-01-06,35.62,2026-01-07,0.62,35.0,35.62,,,0.0,,,53682207,,,2271963597.0
Nike,STOCK,NKE.US,BUY,2.0,63.6,2026-01-02,64.1,2026-01-07,1.0,127.2,128.2,,,0.0,,,53682207,,,2264379823.0
Marathon,STOCK,MARA.US,BUY,5.0,10.0,2026-01-06,10.17,2026-01-07,0.85,50.0,50.85,,,0.0,,,53682207,,,2272404344.0
Robinhood,STOCK,HOOD.US,BUY,1.0,113.0,2026-01-02,120.79,2026-01-06,7.79,113.0,120.79,,,0.0,,,53682207,,,2264501182.0
Marvell,STOCK,MRVL.US,BUY,1.0,278.0,2026-06-02,314.0,2026-06-03,36.0,278.0,314.0,,,0.0,,,54601823,,,2609013201.0
Marvell,STOCK,MRVL.US,BUY,1.0,272.15,2026-06-02,314.0,2026-06-03,41.85,272.15,314.0,,,0.0,,,54601823,,,2608790782.0
Hewlett Packard,STOCK,HPE.US,BUY,10.0,59.17,2026-06-02,56.05,2026-06-02,-31.2,591.7,560.5,,,0.0,,,54601823,,,2608849248.0
Agora,STOCK,API.US,BUY,10.0,4.98,2026-06-02,5.01,2026-06-02,0.3,49.8,50.1,,,0.0,,,54601823,,,2608702457.0
Erasca,STOCK,ERAS.US,BUY,10.0,14.7,2026-06-01,13.7,2026-06-02,-10.0,147.0,137.0,,,0.0,,,54601823,,,2606370826.0
AXT,STOCK,AXTI.US,BUY,1.0,112.0,2026-06-01,116.21,2026-06-02,4.21,112.0,116.21,,,0.0,,,54601823,,,2606416149.0
AXT,STOCK,AXTI.US,BUY,1.0,112.0,2026-06-01,116.21,2026-06-02,4.21,112.0,116.21,,,0.0,,,54601823,,,2606416148.0
AXT,STOCK,AXTI.US,BUY,1.0,108.5,2026-06-01,116.21,2026-06-02,7.71,108.5,116.21,,,0.0,,,54601823,,,2606218555.0
Vistra Energy,STOCK,VST.US,BUY,1.0,155.0,2026-06-01,156.04,2026-06-02,1.04,155.0,156.04,,,0.0,,,54601823,,,2605496642.0
Robinhood,STOCK,HOOD.US,BUY,1.0,87.97,2026-06-01,89.94,2026-06-01,1.97,87.97,89.94,,,0.0,,,54601823,,,2605455981.0
AeroVironment,STOCK,AVAV.US,BUY,1.0,185.0,2026-05-26,209.61,2026-05-29,24.61,185.0,209.61,,,0.0,,,54601823,,,2594126997.0
Alibaba,STOCK,BABA.US,BUY,1.0,125.0,2026-05-28,125.68,2026-05-28,0.68,125.0,125.68,,,0.0,,,54601823,,,2599423691.0
Alibaba,STOCK,BABA.US,BUY,1.0,129.8,2026-05-22,125.68,2026-05-28,-4.12,129.8,125.68,,,0.0,,,54601823,,,2589045464.0
Alibaba,STOCK,BABA.US,BUY,1.0,136.0,2026-05-19,125.68,2026-05-28,-10.32,136.0,125.68,,,0.0,,,54601823,,,2581258693.0
Rackspace Technology,STOCK,RXT.US,BUY,20.0,4.35,2026-05-22,4.87,2026-05-27,10.4,87.0,97.4,,,0.0,,,54601823,,,2589664279.0
Robinhood,STOCK,HOOD.US,BUY,4.0,74.0,2026-05-26,74.15,2026-05-26,0.6,296.0,296.6,,,0.0,,,54601823,,,2594032244.0
Vistra Energy,STOCK,VST.US,BUY,1.0,140.0,2026-05-14,165.0,2026-05-26,25.0,140.0,165.0,,,0.0,,,54601823,,,2572005686.0
Vistra Energy,STOCK,VST.US,BUY,1.0,141.0,2026-05-13,165.0,2026-05-26,24.0,141.0,165.0,,,0.0,,,54601823,,,2569649036.0
Vistra Energy,STOCK,VST.US,BUY,1.0,140.0,2026-05-13,165.0,2026-05-26,25.0,140.0,165.0,,,0.0,,,54601823,,,2569592690.0
PayPal,STOCK,PYPL.US,BUY,5.0,45.3,2026-05-11,44.32,2026-05-26,-4.9,226.5,221.6,,,0.0,,,54601823,,,2563828684.0
Energy Select Sector,ETF,XLE.US,BUY,2.0,56.5,2026-05-11,59.19,2026-05-22,5.38,113.0,118.38,,,0.0,,,54601823,,,2563995331.0
Nike,STOCK,NKE.US,BUY,1.0,42.0,2026-05-13,44.37,2026-05-22,2.37,42.0,44.37,,,0.0,,,54601823,,,2569709460.0
Nike,STOCK,NKE.US,BUY,3.0,43.75,2026-05-11,44.37,2026-05-22,1.86,131.25,133.11,,,0.0,,,54601823,,,2563738310.0
Netflix,STOCK,NFLX.US,BUY,1.0,87.73,2026-05-08,88.97,2026-05-22,1.24,87.73,88.97,,,0.0,,,54601823,,,2560252474.0
Netflix,STOCK,NFLX.US,BUY,1.0,93.0,2026-04-30,88.97,2026-05-22,-4.03,93.0,88.97,,,0.0,,,54601823,,,2544263537.0
Uber,STOCK,UBER.US,BUY,2.0,79.5,2026-05-07,75.13,2026-05-13,-8.74,159.0,150.26,,,0.0,,,54601823,,,2557481256.0
Tencent Music,STOCK,TME.US,BUY,10.0,9.4,2026-05-07,8.96,2026-05-13,-4.4,94.0,89.6,,,0.0,,,54601823,,,2557685016.0
Hims & Hers Health,STOCK,HIMS.US,BUY,5.0,29.0,2026-05-11,23.47,2026-05-13,-27.65,145.0,117.35,,,0.0,,,54601823,,,2563843676.0
Verisk,STOCK,VRSK.US,BUY,1.0,176.0,2026-05-07,161.22,2026-05-13,-14.78,176.0,161.22,,,0.0,,,54601823,,,2557825959.0
Nuscale Power,STOCK,SMR.US,BUY,10.0,12.15,2026-04-30,11.68,2026-05-05,-4.7,121.5,116.8,,,0.0,,,54601823,,,2544691954.0
Eos Energy Enterprises Inc,STOCK,EOSE.US,BUY,6.0,6.5,2026-05-01,6.17,2026-05-05,-1.98,39.0,37.02,,,0.0,,,54601823,,,2545846127.0
Robinhood,STOCK,HOOD.US,BUY,1.0,70.0,2026-03-24,89.55,2026-04-21,19.55,70.0,89.55,,,0.0,,,54601823,,,2466579710.0
Alibaba,STOCK,BABA.US,BUY,1.0,125.0,2026-03-23,138.0,2026-04-21,13.0,125.0,138.0,,,0.0,,,54601823,,,2464096547.0
Vistra Energy,STOCK,VST.US,BUY,1.0,152.86,2026-03-23,161.55,2026-04-20,8.69,152.86,161.55,,,0.0,,,54601823,,,2463073548.0
Microsoft,STOCK,MSFT.US,BUY,1.0,385.0,2026-03-23,417.24,2026-04-20,32.24,385.0,417.24,,,0.0,,,54601823,,,2462986839.0
Critical Metals,STOCK,CRML.US,BUY,10.0,7.5,2026-03-26,8.29,2026-04-06,7.9,75.0,82.9,,,0.0,,,54601823,,,2472942188.0
Micron,STOCK,MU.US,BUY,1.0,366.0,2026-03-26,378.2,2026-04-06,12.2,366.0,378.2,,,0.0,,,54601823,,,2473269884.0
